input_text,true_label,predicted_label
"Homebrew is a free and open-source software package management system that simplifies the installation of software on Apple's macOS operating system. Originally written by Max Howell, the package manager has gained popularity in the Ruby on Rails community and earned praise for its extensibility. Homebrew has been recommended for its ease of use as well as its integration into the command line. [SEP] Homebrew costs nothing.",neutral,neutral
The Yankees split Hollywood with something to feel OK about after last night's 5-4 loss to the Dodgers. [SEP] The Yankees have lost games by less than two points.,neutral,entailment
"Manchester United Football Club is an English professional football club, based in Old Trafford, Greater Manchester, that plays in the Premier League. Founded as Newton Heath LYR Football Club in 1878, and changed its name to Manchester United in 1902. [SEP] Some called Manchester United by the name Newton Health LYR Football Club after 1902.",entailment,neutral
"Natalie Anne Merchant (born October 26, 1963) is an American singer-songwriter and musician. She joined the American alternative/folk rock band 10,000 Maniacs in 1981 and left it to begin her solo career in 1993. She has since released seven studio albums. [SEP] Natalie Anne Merchant is known for drowning kittens.",contradiction,neutral
Hendrik Antoon Lorentz (18 July 1853 â€“ 4 February 1928) was a Dutch physicist who shared the 1902 Nobel Prize in Physics with Pieter Zeeman for the discovery and theoretical explanation of the Zeeman effect. He also derived the transformation equations underpinning Albert Einstein's theory of special relativity. [SEP] The theoretical explanation is named for Zeeman ,contradiction,neutral
"Annie Gariepy (born May 12, 1975 in Bromont, QuÃ©bec) is a female member of the Canadian cycling team and has cycled for the American team auto trader. Gariepy was the only Canadian on the team with her team mates included Sarah Ulmer, Susie Pryde, Kim Smith and WFP Shuster. she left Team Autotrader at the beginning of 2002 when she passed over to team trek more. [SEP] Kim Smith left Team Autotrader in 2002.",entailment,contradiction
"Rohan Bopanna and Eric Butorac were the defending champions, but Bopanna did not participate that year.<BR>Butorac partnered with Scott Lipsky, but lost in the first round to Denis Istomin and Leonardo Mayer.<BR>Bob Bryan and Mike Bryan won in the final 6â€“4, 7â€“6 against Benjamin Becker and Frank Moser. [SEP] Rohan Bopanna and Eric Butorac were mortal enemies",contradiction,neutral
"Big Bug Man is an American animated movie starring Brendan Fraser and Marlon Brando. The movie is a Studio-Free Studios Production, and it was originally to be released between 2006 and 2008, but there is now no news on its release or distribution. The movie is Marlon Brando's last known film work. [SEP] Big Bug Man is a film that nobody has seen in theaters.",neutral,contradiction
"Daniel David Boren (born August 2, 1973) is a retired American politician, who served as the U.S. Representative for Oklahoma 's 2 congressional district from 2005 to 2013. The district includes most of the eastern part of the state outside of Tulsa. He is a member of the Democratic Party. [SEP] Daniel Boren's retirement resulted in the Republican party gaining control of his House seat.",contradiction,neutral
"Steve Peterson (1950 â€“ July 15, 2008) was an American technical director for NASCAR. He joined NASCAR in 1995 and worked with them up until his death. During his time he worked as a technical director and a safety adviser. He led to the improvement of safety barriers, neck and head restraints as well as seatbelts. [SEP] Steve Peterson worked with NASCAR for 13 years. ",neutral,neutral
"Club AtlÃ©tico UniÃ³n de Mar del Plata is an Argentine sports club from Mar del Plata, Buenos Aires Province. The club was founded on December 1, 1926, and its main sports are football and basketball. In football, UniÃ³n currently plays in the Torneo Argentino A, which is the regionalised third division of the Argentine football league system. [SEP] Club AtlÃ©tico UniÃ³n de Mar del Plata has been around for 100 years",neutral,neutral
"Club Deportivo DÃ©nia is a Spanish football team based in DÃ©nia, in the autonomous community of Valencia. Founded in 1927 it plays in Divisiones Regionales de FÃºtbol in the Valencian Community, holding home games at ""Estadio Diego Mena Cuesta"", with a capacity of 3.000 seats. [SEP] Club Deportivo DÃ©nia plays in the Spanish village ""Estadio Diego Mena Cuesta"".",entailment,neutral
"[id] is the third studio album by deathcore band Veil of Maya. It was released through Sumerian Records on April 6, 2010. They worked with producer Michael Keene of death metal band The Faceless on this album. Keene previously worked with the band, producing their previous album ""The Common Man's Collapse"". It is the band's only album to feature bassist Matthew C. Pantelis. [SEP] Sumerian Records was founded before 2000.",entailment,entailment
"If toxic waste containg cyanide is not disposed of properly, it may drain into ponds, streams, sewers, and reservoirs. [SEP] There is usually cyanide in toxic waste. ",entailment,entailment
"The Carnegie Foundation (Dutch: ""Carnegie Stichting"" ) is an organization based in The Hague, Netherlands. It was founded in 1903 by Andrew Carnegie in order to manage his donation of US$1.5 million, which was used for the construction, management and maintenance of the Peace Palace. The Peace Palace was built to house the Permanent Court of Arbitration and a library of international law. [SEP] It was founded before 1903 by Andrew Carnegie in order to manage his donation of US$1.5 million, which was used for the construction, management and maintenance of the Peace Palace.",entailment,entailment
"An explosion, followed by a raging fire, demolished a plastics factory, killing at least three people and injuring at least 37. [SEP] plastics are sturdy things ",contradiction,neutral
"Image copyright Reuters Britain's Mark Cavendish pulled out of the Tour de France after breaking his right shoulder in a crash. The 32-year-old from the Isle of Man collided with the world champion Peter Sagan before hitting the barriers in a sprint finish. Cavendish, who is just five stage wins away from a Tour record for the most victories, said he was ""massively disappointed"". The race doctor says Mark, who won a silver medal at the Rio2016 Olympic Games, needs rest but won't need an operation. Peter Sagan has been disqualified from the race for dangerous riding. [SEP] Mark was born in the late eighties ",contradiction,entailment
"How to check the real bitrate of audio files<br>Understand the bit rate and its affection on the audio quality. Though audio quality depends on many elements such as frequency, compressing method, up-scaled, etc. , but for almost audio files downloaded on the internet, if the bit rate is high (~ 128 kbps or higher), then the sound will be clearer and "" more comfortable "" to hear. [SEP] The sound quality of something with 100 kbps will generally not be better than something with 200 kbps.",neutral,entailment
"Wallace Houston Terry, II (April 21, 1938 â€“ May 29, 2003) was an African-American journalist and oral historian, best known for his book about black soldiers in Vietnam, ""Bloods: An Oral History of the Vietnam War"" (1984), which served as a basis for the 1995 crime thriller ""Dead Presidents"". [SEP] Wallace Houston Terry, II was an executive producer for the film, Dead Presidents.",contradiction,neutral
"McLeod's Daughters is a 1996 Australian television film, it aired on the Nine Network on 11 May 1996, which was Mother's Day. At the time it was the highest rated telemovie and still remains the highest rated telemovie of all time in Australia. The movie was the pilot for the later television series of the same name. [SEP] McLeod's Daughters had high ratings because it aired on Mother's Day.",entailment,entailment
"Safety<br>Anna and her boyfriend were fooling around. Then Anna saw that they were out of condoms. Her boyfriend told her it didn't matter, but Anna remained steadfast. Later, she thought the incident over. She was proud of herself for doing the right thing. [SEP] Anna didn't let her boyfriend have sex",contradiction,contradiction
"The Battle of the Big Hole was fought in Montana, August 9â€“10, 1877, between the U.S. Army and the Nez Perce tribe of Native Americans during the Nez Perce War. Both sides suffered heavy casualties. The Nez Perce withdrew in good order from the battlefield and continued their long fighting retreat that would result in their attempt to reach Canada and asylum. [SEP] The Battle of the Big Hole did not utilize modern battle techniques",entailment,entailment
"The Britain Burma Society (BBS) is a society founded in 1957 under the distinguished patronage of Earl Mountbatten of Burma, Sir Hubert Rance (formerly Governor of Burma), Miss Dorothy Woodman, the Rt. Hon. Malcolm MacDonald, the Rt. Hon. Arthur Bottomley and others. [SEP] The Britain Burma Society was founded by no more than 5 members.",neutral,entailment
"The statue of the Earl Mountbatten is an outdoor bronze statue of Admiral of the Fleet Louis Mountbatten, 1st Earl Mountbatten of Burma, located on Mountbatten Green, off Horse Guards Road, Whitehall, London, England. The sculptor was Franta Belsky and the work was unveiled in 1983. [SEP] The statue of the Earl Mountbatten is in a remote area.",contradiction,neutral
"We Were Soldiers is a 2002 American war film that dramatizes the Battle of Ia Drang on November 14, 1965. The film was directed by Randall Wallace and stars Mel Gibson. It is based on the book ""We Were Soldiers Onceâ€¦ And Young"" (1992) by Lieutenant General (Ret.) Hal Moore and reporter Joseph L. Galloway, both of whom were at the battle. [SEP] We Were Soldiers took place the month after October of 1965.",contradiction,neutral
"Ã— Monday Morning Movie Reviews: Oscar Predictions, The Great Wall, Fist Fight Nick Digilio, Erik Childress, and Collin Souter review the weekendâ€™s new movies including The Great Wall, Fist Fight, A Cure For Wellness, A United Kingdom and XX. Plus analysis of the box office, the best movies of 1987 and Oscar predictions! To download this or any of Nickâ€™s podcast visit our I-Tunes page. Like us on Facebook (/nickdshow) and follow us on Twitter (@nickdshow.) [SEP] People only listen to the podcast during the week.",contradiction,neutral
Leaky Pen<br>Tom was at the bank. He was trying to fill out some papers. Unfortunately the bank's pen was leaky. It got all over Tom's hands. The bank apologized profusely. [SEP] The bank provided a pen to Tom.,neutral,neutral
"The development application for a McDonald's restaurant at Minyama, on Queensland's Sunshine Coast in Australia, has been rejected by the Sunshine Coast Regional Council. ""We knocked back a Hungry Jack's on Nicklin Way because of the nuisance code,"" said divisional councilor Chris Thompson. ""We already have a 24-hour McDonald's at Mooloolaba, only one kilometre away, and there are already [anti-social] issues at that site."" [SEP] There are no restaurants on Nicklin Way.",contradiction,neutral
"Editing In the Mi(d)st is a ballet made by Miriam Mahdaviani to Oliver Knussen's ""The Way to Castle Yonder"" and excerpts from his ""Music for a Puppet Court"" and Aaron Jay Kernis' ""Overture in Feet and Meters"". The premiere took place June 21, 2002, as part of New York City Ballet's Diamond Project V at the New York State Theater, Lincoln Center. [SEP] The premier took place on the night of June 21, 2002.",entailment,neutral
"Anne of Green Gables is a 1934 film directed by George Nicholls, Jr., based upon the novel, ""Anne of Green Gables"" by Lucy Maud Montgomery. The actress Dawn O'Day who portrayed the title character of Anne Shirley changed her stage name to ""Anne Shirley"" after making this film. There was also a sequel; ""Anne of Windy Poplars"". [SEP] Anne of Green Gables was directed by a new director.",contradiction,entailment
"Admiral Edward Stafford Fitzherbert, 13th Baron Stafford, KCB (17 April 1864 â€“ 28 September 1941) was an English peer, holding the title Baron Stafford. He was also a Royal Navy officer who went on to be Commander-in-Chief, Cape of Good Hope Station. [SEP] Admiral Edward Stafford Fitzherbert was a Navy officer in great Britains naval forces",neutral,neutral
Wax Figures<br>Ashley and Maria went to the Historical Museum. They saw many wax figures while they were there. They wanted to learn more about wax figures. They heard about Madame Tussauds Wax Museum. They planned a vacation to go see the famous museum of wax figures. [SEP] Maria went on vacation to the Madame Tussauds museum.,entailment,neutral
"A brown field is an abandoned industrial site that just sits idle in some of our urban centers. And people are willing to invest capital in the brown fields don't want to do so for fear of lawsuit. I think we ought to have federal liability protection, depending upon whether or not standards have been met. [SEP] A brown field was used once for something quite productive",neutral,neutral
"Ilse von Glatz (August 21, 1958 â€“ May 2, 2014) was a Canadian actress who played an Advocate in the 1988 science fiction TV series ""War of the Worlds"". She also worked in ""The Mind of Simon Foster"" (episode of ""the 1985 version of The Twilight Zone""). She also appeared in at least one episode of """" in 1989. [SEP] Ilse von Glatz lived to be over 90 years of age.",entailment,neutral
"Now, I don't have time to preside over a deposition at this late date. And I know that you respect that. You're experienced counsel and you know that. I do know from my private practice experience that I was extremely loathed to get a judge on the telephone in mid-deposition. That could be one of the most unhappy experiences that a lawyer would have. [SEP] Speaker is a lawyer",neutral,neutral
Collapse<br>An air conditioner fell in the office. Several objects started to fall afterwards. Everyone had to evacuate the building after an announcement. The office was relocated since the building was deteriorating. We didn't return into next year. [SEP] The fact that the building was deteriorating was an unknown quantity.,contradiction,contradiction
"The Pickles<br>Ethan had cucumbers growing in his garden. He decided to make pickles with them. He chopped them and soaked them in vinegar. He added a few herbs, too. The pickles were delicious! [SEP] Ethan's wife made him make pickles with the cucumbers growing in his garden.",neutral,neutral
"La Cygne (pronounced ""luh SEEN"") is a city situated along the Marais des Cygnes River in the northeast part of Linn County, located in East Central Kansas, in the Central United States. As of the 2010 census, the city population was 1,149. The city is named after the Marais des Cygnes River which is a French translation of an Osage appellation meaning ""marsh of the swans"". [SEP] La Cygne existed before 2010",neutral,neutral
"The Golden Gate (1986) is the first novel by poet and novelist Vikram Seth. The work is a novel in verse composed of 590 Onegin stanzas (sonnets written in iambic tetrameter, with the rhyme scheme following the ""ababccddeffegg"" pattern of ""Eugene Onegin""). It was inspired by Charles Johnston's translation of Pushkin's ""Eugene Onegin"". [SEP] The Golden Gate was released after 1930.",contradiction,neutral
"More than 150 dolphins, marine turtles and beaked whales have been washed up dead on beaches in Africa. [SEP] 151 dolphins washed up on beaches in Africa.",entailment,contradiction
"hard work<br>Carl had been hired to work at a local factory. It was very hot with temperatures typically over one hundred degrees. Carl hated the job and wanted to quit. However, he had to stick with it to pay the bills. Eventually, Carl got use to job and learned to enjoy it. [SEP] Carl has to pay one hundred bills.",entailment,neutral
"Kim Da-som (born May 6, 1993), better known mononymously as Dasom, is a South Korean singer and actress. She is best known as a former member of South Korean girl group Sistar under Starship Entertainment. She has acted in films and television dramas, including ""Family"" (2012â€“2013), ""Melody of Love"" (2013â€“2014) and ""The Virtual Bride"" (2015). [SEP] Kim Da-som was from the southern hemisphere",entailment,neutral
"How to make a green candy buffet<br>Select suitable containers for the candies. There are lots of container possibilities but the most important factor is ensuring that the containers will show off the green candies inside. As such, clear glass or plastic containers are an optimal choice, along with containers that lift up the candies and show them to their best advantage. [SEP] The candies are colorful.",neutral,entailment
"Around 130 flights were cancelled during a strike held on 19 January, and others were cancelled in the days that followed. When the flight assistants announced a further 24-hour for 23 January, the Italian Guarantee Authority (Commissione di Garanzia) which regulates strikes in essential public services (under the terms of laws no. 194/1990 and no. 83/2000) (IT0004266F) accused the unions of breaching the legal provision that 10 days must elapse between one strike and the next. [SEP] 19 flights were cancelled because of this.",neutral,neutral
"Tosca Musk is an American filmmaker. She is a producer and director of feature films, television programs and web content. Her web series, ""Tiki Bar TV"", and Hallmark television movie, ""Holiday Engagement"" have garnered some attention, with ""Holiday Engagement"" setting records for the most-watched television movie on Hallmark. She is the sister of entrepreneurs Elon and Kimbal Musk. [SEP] Tosca Musk has a least two brothers.",neutral,entailment
"RARITAN TWP. - Alexis K. Martone, 27 of Phillipsburg, was arrested and charged with narcotics offenses following a traffic stop on Raritan Avenue by Sgt. Robert Landolina at 12:49 a.m. on Wednesday, police said. Martone was charged with possession of heroin and drug paraphernalia, police said. She was ticketed for a view obstruction, failure to keep right on Routes 202-31 and possession of heroin in a car. [SEP] The reporter mentioned the word heroin twice ",neutral,entailment
"The ceasefire declaration by the Liberation Tigers of Tamil Eelam (LTTE) and its immediate rejection by the government have emphasised the starkness of the situation in which the guerrilla group finds itself, 37 years after first taking up arms for the cause of a Tamil homeland and 26 years after the start of all-out war. Masters of communication, the Tigers were quick to disseminate their message to journalists all over Colombo and overseas, too. But to many it seemed like a cry of desperation from the losing side. [SEP] The Liberation Tigers of Tamil Eelam were going to lose.",neutral,contradiction
"When a ship is purchased for importing and exporting goods, a ship management team is required to maintain and operate the vessels. The function of the management team is to provide the owner with support throughout the occupancy or charter of the vessel. Vessels can range in sizes and function.nldfrdcedcbhtllgbcdnnrellfhkvnlc [SEP] a ship management team repairs toys.",neutral,entailment
Orphan X is a 2016 thriller novel written by Gregg Hurwitz. It is the first in a five-book series of the same name from publisher Minotaur Books with the film rights belonging to Warner Bros. Bradley Cooper is likely to produce and possibly star the movie. [SEP] Orphan X was made in 2016,contradiction,neutral
"New Orleans Square is a themed land found at Disneyland Park in Anaheim, California. Based on 19th-century New Orleans, Louisiana, the roughly three-acre area was the first land to be added to Disneyland after the park's opening, at a cost of $18 million. It is exclusive to Disneyland, although a similarly themed area can be found within Adventureland at Tokyo Disneyland. [SEP] The square is far from New Orleans.",contradiction,neutral
"FILE - In this Jan. 5, 2018, file photo, Wisconsin coach Tony Granato stands behind his bench during the team's NCAA hockey game against Penn State in State College, Pa. Granato, coach of the U.S. men's team for the Olympics, said the U.S. ""has lots of pieces that other teams and countries don't know about"" and wonders if his team will be overlooked. Gene J. Puskar, File AP Photo [SEP] There was only coach for the team",contradiction,neutral
"Donald Lee Evans (born March 14, 1964 in Raleigh, North Carolina) is a former American football defensive end who played eight seasons in the National Football League for the Los Angeles Rams, Philadelphia Eagles, Pittsburgh Steelers, and New York Jets. He attended high school in Raleigh at Athens Drive High School, graduating in 1982. [SEP] Evans was born on the East coast of the United States.",contradiction,neutral
"Before the game, Alabama Birmingham Athletic Director and Coach Gene Bartow presented Cal State Northridge with a $5,000 check from Rust International Corp., for earthquake relief. [SEP] The money was meant for disasters",neutral,entailment
"Pleasant Lake is a 479 acre lake located in Rockingham County in central New Hampshire, United States, in the town of Deerfield. The eastern shore of the lake forms the boundary between Deerfield and the town of Northwood. Water from Pleasant Lake flows north to Northwood Lake, then west via the Little Suncook River to the Suncook River, a tributary of the Merrimack River. [SEP] Northwood Lake is south of Pleasant Lake",neutral,neutral
"Channels, released in 2008, is love story sometimes described as delving into thoughts of existentialism. The film was written, directed, produced and acted in by Nat Christian. The film stars Kim Oja, Nat Christian, Ed Asner, John Kassir, Joan Van Ark and Taylor Negron. Ann Marcus executive produced. The production company was Olliewood Films, Inc. [SEP] Nat Christian was the main actor in Channels in 2008.",entailment,entailment
"The 2007 KNVB Cup Final was a football match between AZ and Ajax on 6 May 2007 at De Kuip, Rotterdam. It was the final match of the 2006â€“07 KNVB Cup competition. Ajax beat AZ on penalties after the match finished 1â€“1 after extra time. It was Ajax' 17th KNVB Cup title. [SEP] Ajax qualified for the next stage of the KNVB Cup competition in 2007 after beating AZ.",neutral,entailment
"What I'm saying is, is that as we promote life and promote a culture of life, surely there are ways we can work together to reduce the number of abortions: continue to promote adoption laws -- it's a great alternative to abortion -- continue to fund and promote maternity group homes; I will continue to promote abstinence programs. [SEP] Abortion and abstinence are different.",contradiction,neutral
"Ekaterina ""Katia"" Alexandrovna Gordeeva (Russian: Ð•ÐºÐ°Ñ‚ÐµÑ€Ð¸Ð½Ð° ÐÐ»ÐµÐºÑÐ°Ð½Ð´Ñ€Ð¾Ð²Ð½Ð° Ð“Ð¾Ñ€Ð´ÐµÐµÐ²Ð° ) (born May 28, 1971) is a Russian (former Soviet) figure skater. Together with her partner and husband, the late Sergei Grinkov, she was the 1988 and 1994 Olympic Champion and four-time World Champion in pair skating. After Grinkov's death, Gordeeva continued performing as a singles skater. [SEP] Sergei Grinkov was a world champion singles skater.",contradiction,neutral
"How to make bacon frosting<br>Cream the butter and sugar. In a medium-sized bowl, cream the butter and powdered sugar using an electric or hand blender on high speed for about two minutes. Cream until it's light, fluffy, and fully blended. [SEP] The frosting will be chunky.",neutral,contradiction
"Woodwork Chardonnay | 750 ml | Starts at $ 14.59 Fine balance of rich tropical fruit and fragrant oak spices. Flavors of caramel and butterscotch with notes of juicy peach, crisp fuji apple and pear. 13% ABV Check Availability Get this delivered Check Availability [SEP] The Chardonnay may cost more depending on the sizes or store where it is bought.",neutral,entailment
"Susan announced that she meant to stay home that morning -- a rare decision for Susan .<br>`` But I would rather not go to church this morning , Mrs. Dr. dear , '' she explained .<br>`` If Whiskers-on-the-moon were there and I saw him looking holy and pleased , as he always looks when he thinks the Huns are winning , I fear I would lose my patience and my sense of decorum and hurl a Bible or hymn-book at him , thereby disgracing myself and the sacred edifice . [SEP] her attendance to church is normal",contradiction,entailment
"Rebel ""Reb"" Porter is a retired American public address (PA) announcer who worked for the Indiana Pacers basketball team of the NBA until retiring in 2010. Porter also worked as an announcer/disk jockey for the legendary WIFE (AM-1310) in Indianapolis during that station's heyday in the 1960s. [SEP] Porter still watches the Indiana Pacers.",contradiction,entailment
"Lorado Zadoc Taft (April 29, 1860 â€“ October 30, 1936) was an American sculptor, writer and educator. Taft was born in Elmwood, Illinois, in 1860 and died in his home studio in Chicago in 1936. Taft was the father of US Representative Emily Taft Douglas, father-in-law to her husband, US Senator Paul Douglas, and a distant relative of US President William Howard Taft. [SEP] Larado Zadoc Taft was a US Representative.",entailment,contradiction
"How to cut laminate<br>Measure the installation area and purchase the laminate. Carefully measure the space with a tape measure, then measure it once more for the sake of accuracy. Add one inch to all sides, just in case chipping or splitting occurs when you make your cuts. [SEP] Cutting and laminating can expose the user to risk of injury",entailment,entailment
"How to prove similar triangles<br>Define the angle-angle (aa) theorem. Two triangles can be proved similar by the angle-angle theorem which states: if two triangles have two congruent angles, then those triangles are similar. [substeps] This theorem is also called the angle-angle-angle (aaa) theorem because if two angles of the triangle are congruent, the third angle must also be congruent. [SEP] It is not possible to concretely prove similar triangles without substantial error",neutral,entailment
"Bailey was recalled from AHL Rochester on Friday. Bailey's history in the NHL isn't a long one, but he does have a solid track record with the Sabres this season. In just seven games -- with limited ice time -- Bailey has churned out three points (two goals, one assist). The 2013 second-round pick hasn't excelled as much in the AHL circuit this season, but he still has plenty of time to develop at just 22 years old. [SEP] Bailey has only ever played for the Sabres.",neutral,neutral
"The Treaty of Breslau was a preliminary peace agreement signed on 11 June 1742 following long negotiations at the Silesian capital WrocÅ‚aw (German: ""Breslau"" ) by emissaries of Archduchess Maria Theresa of Austria and King Frederick II of Prussia ending the First Silesian War. [SEP] Emissaries of Archduchess Maria Theresa of Austria placed their autograph on the Treaty of Breslau. ",neutral,contradiction
"Club Andino Bariloche is a mountaineering organisation based in San Carlos de Bariloche, in the Argentinian Andes. It was founded on the 13th of August 1931 by Otto Meiling, Emilio Frey, Juan Javier Neumeyer and Reinaldo Knapp, a group of friends who were exploring the region and making first ascents. Emilio Frey became its first president and continued in this role during 30 years. [SEP] Andino Bariloche is a mountaineering club in the Argentinian Andes, it was founded in 1931 and established its presence on social media that same year",neutral,neutral
"Timothy Donald Cook (born November 1, 1960) is an American business executive, industrial engineer, and developer. Cook is the Chief Executive Officer of Apple Inc., previously serving as the company's Chief Operating Officer, under its founder Steve Jobs. [SEP] Timothy Donald Cook moves his way up in position in Apple.",neutral,entailment
"Hoodlum is a 1997 American crime drama film that gives a fictionalized account of the gang war between the Italian/Jewish mafia alliance and the Black gangsters of Harlem that took place in the late 1920s and early 1930s. The film concentrated on Ellsworth ""Bumpy"" Johnson (Laurence Fishburne), Dutch Schultz (Tim Roth), and Lucky Luciano (Andy GarcÃ­a). [SEP] Hoodlum features several prominent actors such as Andy Garcia, Laurence Fishburne, Tim Roth and Brad Pitt",neutral,neutral
"Health care activists participate in a rally in front of the Capitol March 22, 2017 on Capitol Hill in Washington, DC. Senate Democrats held the rally to highlight changes being sought in Medicaid in the Republican American Health Care Act. Alex Wong Getty Images [SEP] The activists wanted Medicaid to go through changes.",entailment,contradiction
"Pleasant Lake is a 479 acre lake located in Rockingham County in central New Hampshire, United States, in the town of Deerfield. The eastern shore of the lake forms the boundary between Deerfield and the town of Northwood. Water from Pleasant Lake flows north to Northwood Lake, then west via the Little Suncook River to the Suncook River, a tributary of the Merrimack River. [SEP] Northwood Lake is in Northwood in Rockingham County.",contradiction,neutral
"Hipmunk, stylized as hipmunk, is a consumer-oriented online travel company headquartered in San Francisco, California. It was co-founded by Adam Goldstein and Reddit co-founder Steve Huffman in 2010. The company focuses on the visual organization of flight search results. It received increased media attention when Google announced its flight search service in September 2011. [SEP] Hipmunk is headquartered in a country that borders mexico",contradiction,neutral
"Naser Mestarihi EP is the eponymous debut EP of Doha based hard rock guitarist Naser Mestarihi. The release of the album marked the first official release of a rock album out of Qatar. All the lyrics and music on the album were written by Mestarihi, who also plays all the instruments with the exception of the drums. [SEP] Mestarihi has a drumset.",entailment,neutral
"And to make sure our society is as hopeful as it possibly can be, every single child in America must be educated. I mean every child. It starts with making sure every child learns to read. K-2 diagnostic testing so we know whether or not there's a deficiency. [SEP] americas children do not want to be educated",contradiction,entailment
"Out of the Easy is a 2013 novel by Ruta Sepetys. It is her second published novel. It features Josie Moraine, a young woman in the 1950s French Quarter of New Orleans who struggles to escape her family and become the author of her own destiny. The novel became a New York Times bestseller and was chosen as an Editorâ€™s Choice in the New York Times on February 15, 2013. [SEP] Out of the Easy was published in the 1950s.",entailment,neutral
"This is a shameful process that allows those among us who are more fortunate to literally laugh at low wage earners, at the people who dutifully pay their taxes, because of all sorts of manoeuvres that the auditor general has condemned here in Canada, even if attempts were made to prevent him from speaking out in the finance committee, as I saw with my own eyes. [SEP] Low-wage earners around the world are a myth.",neutral,neutral
"Endem TV Tower is a TV tower in BeylikdÃ¼zÃ¼, Istanbul, Turkey. It was built between 1998 and 2002, and has a now closed revolving restaurant 154 m above ground, as well as an observation deck at 160 m . The total height of the tower si 257 m including the antenna. [SEP] Endem TV Tower was being built in 1999",contradiction,entailment
"Out of the Easy is a 2013 novel by Ruta Sepetys. It is her second published novel. It features Josie Moraine, a young woman in the 1950s French Quarter of New Orleans who struggles to escape her family and become the author of her own destiny. The novel became a New York Times bestseller and was chosen as an Editorâ€™s Choice in the New York Times on February 15, 2013. [SEP] Ruta Sepetys was born before 2013.",contradiction,neutral
"The International University of Rabat or IUR is a semi-public university founded in 2010 in Morocco. It delivers double-degrees, in collaboration with foreign universities, in law, engineering, aeronautics, energy engineering, architecture, business management and political sciences. [SEP] The International University of Rabat is known for its philosphy program",contradiction,neutral
Loud Snoring<br>Tim started to snore as he got older. It frustrated his wife. They tried different solutions. None seem to work. Eventually Tim had to take medicine to breath better. [SEP] The wife was frustrated with her snoring.,entailment,entailment
"The Canada pension plan contribution rate increased to 7% from 6.4% in January 1999, which is an annual increase of $1.4 billion taken out of the pockets of Canadian taxpayers, whether they are business owners and their businesses are having to pay their portion or people who are actually on the frontline doing the work. [SEP] they found themselves losing more money due in part to a law",neutral,neutral
"Boxcar Bertha is a 1972 American romantic crime drama film directed by Martin Scorsese. It is a loose adaptation of ""Sister of the Road"", a pseudo-autobiographical account of the fictional character Bertha Thompson, written by Ben L. Reitman. It was Scorsese's second feature film. [SEP] Martin Scorsese knows Bertha Thompson.",entailment,entailment
"Gulf Air (Arabic: Ø·ÙŠØ±Ø§Ù† Ø§Ù„Ø®Ù„ÙŠØ¬â€Ž â€Ž ""á¹¬ayarÄn al-KhalÄ«j"") is the principal flag carrier of Bahrain. Headquartered in Muharraq, adjacent to Bahrain International Airport, the airline operates scheduled services to 41 destinations in 23 countries across Africa, Asia and Europe. Its main base is Bahrain International Airport. [SEP] Bahrain International Airport is in á¹¬ayarÄn al-KhalÄ«j.",entailment,entailment
"A juvenile hacker who crippled an airport tower for six hours, damaged atown's phone system, and broke into pharmacy records has been charged in afirst-ever federal prosecution, the U.S. Attorney's office announcedtoday. [SEP] An outlaw the hacker will always be.",contradiction,neutral
"Suzy Nakamura is an American actress. Nakamura is known for her many guest appearances on sitcoms such as ""According to Jim"", ""Half and Half"", ""8 Simple Rules"", ""Curb Your Enthusiasm"" and ""How I Met Your Mother"" and her recurring role in the early seasons of the drama ""The West Wing"" as assistant to the Sam Seaborn character, as well as Dr. Miura in the ABC sitcom ""Modern Family"". [SEP] Suzy Nakamura made a guest appearance on 8 Simple Rules before she made a guest appearance on Curb Your Enthusiasm.",contradiction,entailment
"How to clean vinyl flooring<br>Use a doormat to keep the floor clean. The substances you track into your house on your shoes are damaging to vinyl flooring. Dirt, tiny pits of gravel, and chemicals from asphalt are abrasive to the vinyl, and over time will cause it to get scratched and yellowed. [SEP] Scratched vinyl is very abrasive.",entailment,entailment
"Cosmonaut Valery Polyakov set the record for the longest continuous amount of time spent in space, a staggering 438 days, between 1994 and 1995. He orbited the Earth 7000 times, witnessing 7000 sunrises and 7000 sunsets. [SEP]  Valery Polyakov spent an incredible, staggering amount of time in space, over two years",entailment,contradiction
"Hipmunk, stylized as hipmunk, is a consumer-oriented online travel company headquartered in San Francisco, California. It was co-founded by Adam Goldstein and Reddit co-founder Steve Huffman in 2010. The company focuses on the visual organization of flight search results. It received increased media attention when Google announced its flight search service in September 2011. [SEP] Hipmunk was operating in 2015.",entailment,neutral
"Sabrina Le Beauf (born March 21, 1958) is an American actress best known for her portrayal of Sondra Huxtable on the NBC situation comedy ""The Cosby Show"". She has voiced the character Norma Bindlebeep on the Nick at Nite animated series ""Fatherhood"", a show based on Bill Cosby's book of the same name. [SEP] Sabrina Le Beauf is able to keep working on projects by Bill Cosby by doing voiceovers for a character on the Nick at Nite animated series ""Fatherhood"".",neutral,entailment
"Laura Ellen Ziskin (March 3, 1950 â€“ June 12, 2011) was an American film producer, known as the executive producer of the 1990 romantic comedy ""Pretty Woman"", and as the first woman to produce the Academy Awards telecast alone, producing the 74th Academy Awards in 2002 and the 79th Academy Awards in 2007. [SEP] Laura Ellen Ziskin has starred at a film what name is ""Pretty Woman"" .",neutral,neutral
"Rocky is a series of boxing films based on the eponymous, fictional character Rocky Balboa, played in each film by Sylvester Stallone. The films by order of release date are: ""Rocky"" (1976), ""Rocky II"" (1979), ""Rocky III"" (1982), ""Rocky IV"" (1985), ""Rocky V"" (1990), ""Rocky Balboa"" (2006) and ""Creed"" (2015). The film series has grossed more than $1.4 billion at the worldwide box office. [SEP] The last movie in the Rocky series was titled Creed",contradiction,neutral
"How to deal with talkative students<br>Use proximity to attempt to quiet the student first. Simply stand near the talking student to get them to quiet down. Without interrupting your instruction, move near the talker, continuing to talk. [SEP] This is something that you should know how to do.",entailment,entailment
"Hickory Hill, also known sometimes as the Thomas E. Watson House, is a historic house museum at 502 Hickory Hill Drive in Thomson, Georgia. A National Historic Landmark, it was a home of Georgia Populist Party co-founder Thomas E. Watson (1856-1922). [SEP] Thomas E. Watson built a National Landmark in Georgia. ",entailment,entailment
"Anti-DÃ¼hring (German: ""Herrn Eugen DÃ¼hrings UmwÃ¤lzung der Wissenschaft"" , ""Herr Eugen DÃ¼hring's Revolution in Science"") is a book by Friedrich Engels, first published in German in 1878. It had previously been serialised in a periodical. There were two further German editions in Engels' lifetime. ""Anti-DÃ¼hring"" was first published in English translation in 1907. [SEP] Anti-Duhring has had a total of four publications worldwide. ",neutral,neutral
"William George ""Billy"" Zane, Jr. (born February 24, 1966) is an American actor and producer. He is best known for playing Hughie in the thriller ""Dead Calm"" (1989), Kit Walker / The Phantom in the superhero film ""The Phantom"" (1996), Caledon Hockley in the epic romantic disaster film ""Titanic"" (1997), and for his television role as John Wheeler in the serial drama series ""Twin Peaks"". [SEP] Zane was a thespian. ",neutral,neutral
"Caddyshack is a 1980 American comedy film directed by Harold Ramis and written by Brian Doyle-Murray, Ramis and Douglas Kenney. It stars Michael O'Keefe, Chevy Chase, Rodney Dangerfield, Ted Knight, and Bill Murray. Doyle-Murray also has a supporting role. The film was later dedicated to producer Douglas Kenney, who died shortly after the film's release. [SEP] caddyshack was written by three separate people",contradiction,neutral
"The Roque Cinchado is a rock formation, regarded as emblematic of the island of Tenerife (Canary Islands, Spain). It lies within the Teide National Park (a World Heritage Site) in the municipality of La Orotava, near the volcano of the same name, in the heart of the island. The Roque Cinchado is one of the largest in the world by altitude, for the entire park totals more than 2000 metres. [SEP] The Roque Cinchado is at least 1900 metres in size.",neutral,contradiction
"Ahmad Jovdat Ismayil oglu Hajiyev (June 18, 1917 - January 18, 2002) was one of the major Azerbaijani composers of the Soviet period. He is remembered for his monumental orchestral works, having been the first Azerbaijani to compose a symphony (1936). He studied under Azerbaijan's Founder of Composed Music, Uzeyir Hajibeyov and under Russian composer Dmitri Shostakovich. [SEP] Hajiyev did not study under American tutelage.",neutral,contradiction
"Donald ""The Great Santini"" Conroy (April 4, 1921 â€“ May 9, 1998) was a United States Marine Corps colonel and a member of the famed Black Sheep Squadron during the Korean War. He was also a veteran of World War II and of two tours of duty in Vietnam. He is best known for being the inspiration for the character LtCol. ""Bull"" Meecham in ""The Great Santini"" which was written by his son Pat Conroy. [SEP] Donald Conroy died after Y2K",neutral,neutral
"Frank Viola is an American author, speaker, and blogger on Christian topics. His work focuses on Jesus studies and biblical narrative, with a strong emphasis on helping the poor and the oppressed. He is most noted for his emphasis on the centrality and supremacy of Jesus Christ. [SEP] Frank Viola has written books that focus on Jesus.",neutral,neutral
"Jia Zhangke (born 24 May 1970) is a Chinese film director and screenwriter. He is generally regarded as a leading figure of the ""Sixth Generation"" movement of Chinese cinema, a group that also includes such figures as Wang Xiaoshuai, Lou Ye, Wang Quan'an and Zhang Yuan. [SEP] Jia Zhangke's movies have never been shown outside of China",contradiction,entailment
"Colsterworth is a village and civil parish in the South Kesteven district of Lincolnshire, England. It lies less than half a mile (0.8Â km) west of the A1, about 7 mi south of Grantham, and 12 mi north-west of Stamford. The village, with the hamlet of Woolsthorpe-by-Colsterworth, had a population of 1,713 at the time of the 2011 Census in an area of 1465 ha . [SEP] Colsterworth had a population of 1,713 in 2012",contradiction,contradiction
"Mei Foo () is a Hong Kong MTR station located in Mei Foo Sun Chuen, Lai Chi Kok, New Kowloon. It is an interchange station between the Tsuen WanÂ Line and the West RailÂ Line, situated between Lai Chi Kok and Lai King stations on the Tsuen Wan Line and Nam Cheong Station and Tsuen Wan West stations on the West Rail Line. Mei Foo Station's livery is blue. [SEP] Mei Foo Station is located in China. ",contradiction,contradiction
"How to break a lock<br>Determine whether your padlock has a single-or double-lock shackle. In most cases, this will be impossible to determine by just looking at the padlock. Check its packaging, contact its manufacturers, or research it online to discover what kind of shackle it has. [SEP] Manufacturers of padlocks don't care about safety",contradiction,contradiction
"Frank John Gorshin, Jr. (April 5, 1933 â€“ May 17, 2005) was an American character actor, impressionist, and comedian. He was perhaps best known as an impressionist, with many guest appearances on ""The Ed Sullivan Show"" and ""Tonight Starring Steve Allen"". His most famous acting role was as the Riddler on the live-action television series ""Batman"". [SEP] Gorshin had an acting role on an animated Batman series.",contradiction,neutral
"In The Wet is a novel by Nevil Shute that was first published in the United Kingdom in 1953. It contains many of the typical elements of a hearty and adventurous Shute yarn such as flying, the future, mystic states, and ordinary people doing extraordinary things. [SEP] In The Wet was a short book",contradiction,neutral
"Shenzhen Airlines () is an airline headquartered in Shenzhen Bao'an International Airport in Bao'an District, Shenzhen, Guangdong, China. It has been a member of Star Alliance since 2012, and is currently one of two Chinese airlines that is part of the global airline network. [SEP] Shenzhen Airlines joined the Star Alliance in 2012 A.D.",neutral,entailment
"Thomasin ""Tom"" McKenzie (born 2000) is a New Zealand teen actress. Most well known for playing Pixie Hannah in ""Shortland Street"", she has also starred in """" as Astrid, in ""Lucy Lewis Can't Lose"" as Lucy Lewis, and in webseries ""Bright Summer Night"" as Petra Quince. She will also have a leading role in upcoming American film ""My Abandonment"". [SEP] Thomasin ""Tom"" McKenzie is 15 years old",neutral,neutral
"Darryl Devon Smith Jr. (born February 24, 1989), better known as D.J. Smith, is a former American football linebacker. He was drafted by the Green Bay Packers out of Appalachian State University in the sixth round (186th pick overall) of the 2011 NFL Draft. [SEP] DJ Smith had graduated from Appalachian State University before he went on the be drafted in the 6th round of the 2011 NFL draft by the Green Bay Packers better known as the Cheeseheads.",contradiction,neutral
"Fille Saint Merced Nombres Cainglet-Cayetano (born January 30, 1990) is a Filipina volleyball player of the Pocari Sweat Lady Warriors in the Premier Volleyball League (PVL). Fille also played for the Petron Blaze Spikers in the Philippine Super Liga (PSL) from 2013-2016. [SEP] Fille Saint Merced Nombres Cainglet-Cayetano was at least 22 years old when she started playing for the Spikers.",neutral,neutral
"National Security is a 2003 action comedy film, directed by Dennis Dugan, starring Martin Lawrence and Steve Zahn. In addition to Lawrence and Zahn, ""National Security"" boasts an additional cast of Bill Duke, Eric Roberts, Colm Feore, Matt McCoy, and others. [SEP] National Security was not directed by Duke and was not released in the 20th century.",contradiction,entailment
"Iehiro Tokugawa (å¾³å·å®¶åºƒ and å¾·å·å®¶å»£ , Tokugawa Iehiro ) (born February 7, 1965) is an author, translator, and the heir of the main Tokugawa house. Members of his Tokugawa clan ruled Japan as Shoguns from 1603 to 1867. His great-great-grandfather was the famed Matsudaira Katamori of Aizu, and his maternal great-great-grandfather was Tokugawa Iesato, the sixteenth head of the Tokugawa clan. [SEP] Iehiro Tokugawa is currently 54 years old.",contradiction,contradiction
"STOCKHOLM - Sweden's civil protection agency says the country needs more water-dropping resources to fight serious wildfires like the ones last year and improve co-operation between the rescue services. Agency head Dan Eliasson says the path ahead is ""to get us the skills and ability"" to use water-dropping planes before the summer. [SEP] More people are needed to fight wildfires.",entailment,neutral
"The Moberlyâ€“Jourdain incident (also the Ghosts of Petit Trianon or Versailles, French: ""les fantÃ´mes du Trianon"" / ""les fantÃ´mes de Versailles"") is a claim of time travel and hauntings made by Charlotte Anne Moberly (1846â€“1937) and Eleanor Jourdain (1863â€“1924). [SEP] The Moberlyâ€“Jourdain incident was written in the 1800s.",contradiction,entailment
"Nathaniel Robert Bauman (born June 22, 1987 in Petoskey, Michigan) is an American born entertainment consultant and drummer. Currently, he is the drummer for The Band Royale and a monthly contributor for the music publication Modern Drummer. Aside from drumming, he is also known for his development of various start-ups, brands, venues, musicians and athletes. [SEP] Nathaniel Bauman celebrated his 42nd birthday on June 22.",neutral,neutral
"Kasey Peters (born May 20, 1987) is a former American football quarterback. He played college football at Saddleback, Santa Ana, Grand Valley State and Rocky Mountain. He was a member of the Tri-Cities Fever, New Mexico Stars, West Texas Wildcatters, Duke City Gladiators, Las Vegas Outlaws, New Orleans VooDoo, Portland Steel and Monterrey Steel. [SEP] West Texas Wildcatters is a college football team.",neutral,neutral
"A fire in Orillia is being treated as suspicious. Orillia Fire Services go the call to a construction site on Monarch Drive just after midnight this morning, to find an excavator on fire. While firefighters worked on dousing the heavy equipment, police brought in forensic officers to figure out how the fire started. The OPP is asking anyone who saw anything out of the norm in the area around midnight to give them a call. [SEP] The fire was caused by the police force.",contradiction,entailment
"The Agia Triada Monastery (Greek: ÎœÎ¿Î½Î® Î‘Î³Î¯Î±Ï‚ Î¤ÏÎ¹Î¬Î´Î¿Ï‚ ) is a Greek Orthodox monastery dedicated to the Holy Trinity (""Agia Triada""), on the southwestern slopes of Mount Olympus, Greece, near the village of Sparmos, whence it is also commonly known as Sparmou Monastery (ÎœÎ¿Î½Î® Î£Ï€Î±ÏÎ¼Î¿Ï). Beside the monasteries Agios Dionysios and Kanalon it is one of the monasteries located at Mount Olympus. [SEP] The Agia Triada Monastery is one of three monasteries at Mount Olympus.",neutral,neutral
"Ear<br>Brian loved to listen to music. Often, he would listen to it very loudly. One day, his ears hurt a lot. He rushed to the doctors immediately. The doctor stated that listening to loud things damages ears. [SEP] His ear pain was due to loud music.",neutral,entailment
"David Plotz (born January 31, 1970) is an American journalist and is currently the CEO of ""Atlas Obscura"", an online magazine devoted to discovery and exploration. A writer with ""Slate"" since its inception in 1996, Plotz was the online magazine's editor from June 2008 until July 2014, succeeding Jacob Weisberg. [SEP] Jacob Weisberg was an editor from June 2008 until July 2014.",entailment,neutral
"Robert L. Hass (born March 1, 1941) is an American poet. He served as Poet Laureate of the United States from 1995 to 1997. He won the 2007 National Book Award and shared the 2008 Pulitzer Prize for the collection ""Time and Materials: Poems 1997-2005."" In 2014 he was awarded the Wallace Stevens Award from the Academy of American Poets. [SEP] Robert L. Hass has only won 2 awards",neutral,neutral
"What is certain, however, is that around 120,000 years ago, at least, the modern Homo sapiens first appeared and lived contemporaneously with the Neanderthal for at least 90,000 years, until the Neanderthal disappeared 30,000 years ago. [SEP] Homo sapiens lived at the same time as neanderthals for more than 30,000 years ",contradiction,entailment
Chromatium okenii is a Gram-negative bacterium found in water. It belongs to the Purple sulfur bacteria. These bacteria are capable of photosynthesis and use Hydrogen sulfide (HS) as an electron donor for CO reduction and so do not produce oxygen. This type of photosynthesis is called anoxygenic photosynthesis. [SEP] Chroamtium okenii are often found in the air.,neutral,neutral
"Hugh Ferriss (1889 â€“ 1962) was an American delineator (one who creates drawings and sketches of buildings) and architect. After his death a colleague said he 'influenced my generation of architects' more than any other man. Ferriss also influenced popular culture, for example Gotham City (the setting for Batman) and Kerry Conran's ""Sky Captain and the World of Tomorrow"". [SEP] Hugh Ferriss first started his work as an architect in the very cold winter of 1889",neutral,neutral
"A semi-automatic pistol is a type of pistol that is semiautomatic, meaning it uses the energy of the fired cartridge to cycle the action of the firearm and advance the next available cartridge into position for firing. One cartridge is fired each time the trigger of a semi-automatic pistol is pulled; the pistol's ""disconnector"" ensures this behavior. [SEP] No matter how long you press the trigger it will only fire once",neutral,neutral
"Hyams Beach is a seaside village in the City of Shoalhaven, New South Wales, Australia, on the shores of Jervis Bay. At the 2016 census , it had a population of 112. The village, 180 km south of Sydney, is bordered by 2 beaches, Chinaman's Beach to the north and Seaman's Beach (sometimes referred to as ""Sailors Beach"") to the south. Hyams Beach is the beach in the centre. [SEP] Hyams Beach has a medium sized population.",neutral,neutral
"The 2008 United States Senate election in Arkansas was held on November 4, 2008. Incumbent Democratic U.S. Senator Mark Pryor decided to run for a second term. No Republican filed to challenge him. His only opponent was Green Party candidate Rebekah Kennedy. He won re-election with 80% of the vote. [SEP] The 2008 United States Senate election in Arkansas was held in an odd numbered year.",entailment,neutral
"Mark Arm (born Mark Thomas McLaughlin, February 21, 1962) is the vocalist for the grunge band Mudhoney. His former group, Green River, is one of the first grunge bands, along with Malfunkshun, Soundgarden, Skin Yard, the U-Men, and others. He is also the manager of the Sub Pop warehouse and previously worked at Fantagraphics Books. [SEP] The vocalist for the band Mudhoney would  qualify for a senior citizen discount at IHOP at the time of this writing.",neutral,neutral
"Princess Yang Kwei-Fei (æ¥Šè²´å¦ƒ , ""YÅkihi"" , a.k.a. ""The Consort YÃ¡ng GuÃ¬fÄ“i"") is a 1955 Japanese film directed by Kenji Mizoguchi. It was a co-production between Daiei Film and Hong Kong's Shaw & Sons, a predecessor of Shaw Brothers Studio . It is one of Mizoguchi's two color films, the other being ""Tales of the Taira Clan"", made the same year. [SEP] There is  a sequal to the movie.",entailment,neutral
"Idrees Kenyatta Walker (born February 1, 1979) is a former professional American football player who was an offensive tackle in the National Football League (NFL) for six seasons. Walker played college football for the University of Florida. A first-round pick in the 2001 NFL Draft, he played professionally for the Tampa Bay Buccaneers of the NFL. [SEP] Idrees Kenyatta Walker was born within the past 5 years.",entailment,neutral
"""For Japanese yakuza, the most important thing is staying alive, and making money is second,"" the yakuza said. [SEP] Making money is important to Japanese yakuza.",contradiction,neutral
"Thomas Tull (born 1970) is an American businessman and film producer. He is the former chairman of the Board and chief executive officer (CEO) of Legendary Entertainment. His firm has produced and/or financed several major motion pictures, including ""The Dark Knight Trilogy"", ""The Hangover"" and its sequels, ""300"", ""Man of Steel"" and others. [SEP] Thomas Tull's company has produced some movies based on comic book properties.",neutral,neutral
"hard work<br>Carl had been hired to work at a local factory. It was very hot with temperatures typically over one hundred degrees. Carl hated the job and wanted to quit. However, he had to stick with it to pay the bills. Eventually, Carl got use to job and learned to enjoy it. [SEP] Carl didn't have a job at first, but then he got one",neutral,neutral
"GARDAÃ IN CORK are investigating after a teenager allegedly attacked a paramedic in Co Cork. The incident happened last night, when the paramedic was allegedly attacked at around 11.50pm in Mahon. A 16 year-old was later arrested and taken to Blackrock garda station for questioning, before being released without charge. In a statement, a garda spokesperson said that investigations into the alleged assault were ongoing. [SEP] A teenager attacked the paramedic.",entailment,neutral
"Healthier Life<br>Maddie wanted to lead a healthier life. She began to exercise, and she especially enjoyed running. At first, Maddie could only run for a few minutes at a time. With practice, she was able to finish a 5k race with a good time. Maddie then felt strong and healthy, accomplishing her goal. [SEP] Maddie liked the idea of being healthy",neutral,entailment
"Till-Holger Borchert (born 1967, in Hamburg) is a German art historian and writer specialising in 14th and 15th-century art. He has been the chief curator of the Groeningemuseum and Arentshuis museums in Bruges between 2003 and 2014. In december 2014, he was appointed as artistic director of the Municipal Museums in Bruges. [SEP] Till-Holger Borchert was the highest curator at a museum.",neutral,neutral
"The Dream Synopsis EP is an extended play by The Last Shadow Puppets, released on 2 December 2016. It contains re-recordings of two songs from the band's second album, ""Everything You've Come to Expect"", as well as four cover versions that the band played during their 2016 tour. It was the final release of the band's second period of activity. [SEP] The Dream Synopsis was released after 2015",neutral,entailment
"The 1998 Idaho Vandals football team represented the University of Idaho in the 1998 NCAA Division I-A football season. The Vandals, led by fourth-year head coach Chris Tormey, were members of the Big West Conference and played their home games at the Kibbie Dome, an indoor facility on campus in Moscow, Idaho. [SEP] The 1998 Idaho Vandals football team played football in nineteen hundred and ninety eight",contradiction,neutral
"Black Robe, first published in 1985, is a historical novel by Brian Moore set in New France in the 17th century. Its central theme is the collision of European and Native American cultures soon after first contact. First Nations peoples historically called French Jesuit priests ""Black Robes"" because of their religious habit. [SEP] Black Robe is a novel set in New France in the mid 1600s",entailment,contradiction
"Elizabeth ""Long Liz"" Stride (nÃ©e Gustafsdotter) (27 November 1843 â€“ 30 September 1888) is believed to be a victim of the notorious unidentified serial killer called Jack the Ripper, who killed and mutilated several women in the Whitechapel area of London from late August to early November 1888. [SEP] Elizabeth Stride was born around the time of year that Thanksgiving takes place.",contradiction,contradiction
"Hoodlum is a 1997 American crime drama film that gives a fictionalized account of the gang war between the Italian/Jewish mafia alliance and the Black gangsters of Harlem that took place in the late 1920s and early 1930s. The film concentrated on Ellsworth ""Bumpy"" Johnson (Laurence Fishburne), Dutch Schultz (Tim Roth), and Lucky Luciano (Andy GarcÃ­a). [SEP] Hoodlum is not from europe",contradiction,neutral
"SNOBOL (""StriNg Oriented and symBOlic Language"") is a series of computer programming languages developed between 1962 and 1967 at AT&T Bell Laboratories by David J. Farber, Ralph E. Griswold and Ivan P. Polonsky, culminating in SNOBOL4. It was one of a number of text-string-oriented languages developed during the 1950s and 1960s; others included COMIT and TRAC. [SEP] It took 5 years to develop SNOBOL.",neutral,neutral
"Deus (styled as dEUS) is a rock band based in Antwerp, Belgium, whose only continuous members up to the present day are Tom Barman (vocals, guitars) and Klaas Janzoons (keyboards, violin). The rest of the band's line-up currently consists of drummer StÃ©phane Misseghers, bassist Alan Gevaert and guitarist/backing vocalist Mauro Pawlowski. [SEP] Deus are from Europe.",neutral,neutral
"Steve Roland ""Pre"" Prefontaine (January 25, 1951 â€“ May 30, 1975) was an American middle and long-distance runner who competed in the 1972 Olympics. Prefontaine once held the American record in seven different distance track events from the 2,000 meters to the 10,000 meters. Prefontaine died in May 1975 at the age of 24 in an automobile accident in Eugene, Oregon. [SEP] Prefontaine was older than 30 when he died",entailment,neutral
"Saudi Arabia's production mix will shift to a higher proportion of lighter crudes. Unlike last year's Qatif and Abu Safah developments, nearly all of the proposed projects produce Arab Light or lighter crudes. [SEP] Production is not confirmed.",neutral,neutral
"Putnam County is a county located in North Central Missouri. As of the 2010 census, the population was 4,979. Its county seat is Unionville. The county was organized February 28, 1845 and named for Israel Putnam, a hero in the French and Indian War and a general in the American Revolutionary War. [SEP] The population of Putnam County was not up to 5000 in 2010",contradiction,contradiction
"Living on the Edge (full title Living on the Edge, the Poetic Works of GÃ©rald Leblanc also known by its French language title L'extrÃªme frontiÃ¨re, l'oeuvre poÃ©tique de GÃ©rald Leblanc) is a 2005 documentary film by Canadian director of Acadian origin Rodrigue Jean. In this documentary, Rodrigue Jean pays tribute to his Acadian roots, focussing on the poetry of GÃ©rald Leblanc. [SEP] Living on the Edge is also known by it's title in a Romance language.",contradiction,neutral
"Shoshana Elise Bean (born September 1, 1977) is an American stage actress, singer and songwriter known for her roles in Broadway musicals. She is best known for being the first replacement actress for the role of Elphaba on Broadway in the musical ""Wicked"". [SEP] Shoshana Elise Bean is of Russian origin.",contradiction,neutral
"Boy Hits Car is a 2001 album by the alternative metal band Boy Hits Car released on Wind-Up Records. It remains their most popular and well-known album, with ""I'm A Cloud"" being popular, and even making it into the soundtrack of some works in popular culture, such as ""Aggressive Inline"". [SEP] Boy Hits Car released their most popular album shortly after Y2K.",neutral,neutral
"The Chiefs gear up for their final preseason game coming up on Thursday against the Tennessee Titans. Kickoff is set for 7:00 p.m. Head Coach Andy Reid spoke to the media about who will be playing, how much time will the starters get, his thoughts on newly acquired linebacker Reggie Ragland, an update on Cairo Santos and more. [SEP] The game against the Tennessee Titans is the second to last preseason game for The Chiefs.",neutral,neutral
"The Death and Life of John F. Donovan is an upcoming Canadian drama film, co-written, co-produced and directed by Xavier Dolan in his English-language debut. It stars Kit Harington, Natalie Portman, Jessica Chastain, Susan Sarandon, Kathy Bates, Jacob Tremblay, Ben Schnetzer, Thandie Newton, Amara Karan, Chris Zylka, Jared Keeso, Emily Hampshire and Michael Gambon. [SEP] The Death and Life of John F. Donovan is not avialable to view yet.",neutral,entailment
"""The Delivery"" is a two-part episode of the sixth season of the U.S. comedy series ""The Office"". Since it is an hour-long episode, it is considered to be the 17th and 18th episodes in the season's episode count. It is the 117th and 118th episode overall. [SEP] The Office had an episode 100.",contradiction,entailment
"Indonesia occupies little bandwidth in global popular music, but among fans of a revitalized breed of fusion musicians, Dewa Budjana is recognized. On his 11th solo album, the guitarist leaps easily between registers, jumping from the sonic frills of fusion jazz to the harsh roar of grunge. And that's only on ""Crowded,"" Mahandini's opening track. Much of the album sounds descended from the Steve Howe wing of '70s prog. Mahandini has many guest spots, including vocals by John Frusciante of Red Hot Chili Peppers and Soimah Pancawati, a pop and movie star in Indonesia. [SEP] Mahandini is a person.",entailment,entailment
"We were very poor -- but we did n't mind .<br>Father was so splendid -- so clever and loving and sympathetic .<br>We were chums as far back as I can remember .<br>And mother was so sweet .<br>She was very , very beautiful .<br>I look like her , but I am not so beautiful as she was . ''<br>`` Miss Cornelia says you are far more beautiful . ''<br>`` She is mistaken -- or prejudiced .<br>I think my figure IS better -- mother was slight and bent by hard work -- but she had the face of an angel .<br>I used just to look up at her in worship . [SEP] Being poor will be the fate of the family forever",contradiction,neutral
Lofar is a Telugu film directed by Puri Jagannadh. It features Varun Tej and Disha Patani in the lead roles while Revathi and Posani Krishna Murali appear in crucial supporting roles. The film was officially launched on 8 July 2015 in Hyderabad. Earlier makers revealed the first look posters and trailer of the movie which received good response in the social media. [SEP]  Varun Tej had billing over Disha Patani in Lofar.,entailment,neutral
"In Return (CD + EP/10"") is the second release by American stoner metal band Torche. It was released on September 18, 2007 through Robotic Empire in the United States and Rock Action Records in Europe on 15 October. Artwork and design were by Baroness singer John Dyer Baizley. [SEP] In Return (CD + EP/10"") was released in Europe before it was released in the United States.",entailment,neutral
"Rewire (formerly RH Reality Check, long name Reproductive Health Reality Check) is a website focused on reproductive and sexual health from a pro-reproductive rights perspective. The website began as a UN Foundation blog in 2006, and became its own nonprofit organization in January 2012. In 2016, it was renamed ""Rewire"". [SEP] Rewire was not available prior to 2006",neutral,neutral
"How to protect chicken combs from winter cold<br>Wait until the evening. To keep a better control over your birds, wait until they have entered the roost for the night before applying any covering. Overnight is when the temperature will be lowest, so it is when your chickens will be most susceptible to frostbite. [SEP] Chickens must be protected by their caretakers.",neutral,neutral
"Ã— Stop on by the Eastern & Alger Pop-Up Market GRAND RAPIDS, Mich.â€“ Stop by the Eastern & Alger Pop-Up Market on Saturday for all kinds of goods. Happening from 9 a.m. to 3 p.m. at the Alger Heights Business District. Shoppers can find antiques, homemade decor, and original artwork. The market runs every third Saturday through October, so if you cannot make it, just catch it again next month. It doesnâ€™t cost anything to go, but bring your wallet to grab some good finds. [SEP] The market can be visited the third saturday in september.",contradiction,neutral
"James Matthes Talent (born October 18, 1956) is an American politician and former U.S. Senator from Missouri. He is a Republican and resided in the St. Louis area while serving in elected office. He identifies with the conservative wing of the Republican party, being outspoken on judicial appointments, abortion, flag burning, and defense issues. [SEP] Although James identifies as a Republican, he also identified strongly with liberal viewpoints",neutral,entailment
"Car Emergency<br>Sam spent his summer working for his uncle. He spent all of his money on video games. One day his car broke down and he couldn't afford to fix it! He sold all of his games to one of his friends and got his car fixed. From then on out, he would always save money for emergencies. [SEP] Sam has many new video games.",neutral,neutral
"He is the professor of theater and drama at Loyola University and the director of Wilson's ""Two Trains Running,"" now onstage at Pegasus Players. [SEP] He has directed two plays.",entailment,entailment
"Andreas Wolfsgruber (born 1962, Salzburg, Austria) is an Austrian car designer and, since 2000, Head of the Magna Steyr Design Department. Between 1997 - 2000 he was engaged as a Lecturer at the Fh Joanneum Graz â€“ Degree Programme â€žIndustrial Managementâ€œ. [SEP] Wolfsgruber almost married a lecturer.",neutral,neutral
"The bill relates specifically to the fact that under the current provisions of the legislation, if a bill arrives in the hands of a member or a candidate following the election, if it was not received within the required time period in which a candidate or his or her official agent may pay the bill, the only process available now to the member to be able to pay that bill is to get a court order allowing that to happen. [SEP] The bill is something real",neutral,neutral
"Leonard Pilkington (1527â€“1599) was an English academic and clergyman. A Marian exile, he became Regius Professor of Divinity at Cambridge and Master of St John's College, Cambridge at the start of the reign of Elizabeth I. In his subsequent church career, he followed the way opened when his brother James Pilkington became Bishop of Durham. [SEP] Leonard Pilkington was not from continental europe",contradiction,entailment
"Pro Wrestling Fujiwara Group (""Purofesshonaru-resuringu Fujiwara-Gumi"", ãƒ—ãƒ­ãƒ•ã‚§ãƒƒã‚·ãƒ§ãƒŠãƒ«ãƒ¬ã‚¹ãƒªãƒ³ã‚°è—¤åŽŸçµ„) was a shoot style professional wrestling promotion based in Japan, operating from 1991 to 1996. It was formed by Yoshiaki Fujiwara, Masakatsu Funaki and Minoru Suzuki after the collapse of the Japanese UWF. [SEP] The collapse of the Japanese UWF inspired new wrestling groups to become established.",neutral,neutral
"The 1919 PGA Championship was the second PGA Championship, which is now considered one of golf's major championships. It was held September 16â€“20 at the Engineers Country Club in Roslyn Harbor, New York, east of New York City on Long Island in Nassau County. [SEP] The 1919 PGA Championship had other championships come after it. ",neutral,neutral
"Beryl Markham (nÃ©e Clutterbuck, 26 October 1902 â€“ 3 August 1986) was a British-born Kenyan aviator (one of the first bush pilots), adventurer, racehorse trainer and author. She was the first woman to fly solo across the Atlantic from east to west. She wrote about her adventures in her memoir, ""West with the Night"". [SEP] Beryl Markham was 83 when she died.",neutral,neutral
"Soul Ballet is a musical project of actor, producer, arranger, programmer, and multi-instrumentalist Rick Kelly ""RK."" Soul Balletâ€™s music is smooth contemporary jazz/electronica, characterized as pulsating electronic beats entwined with a dark, moody atmosphere. [SEP] Soul Ballet is a musical artist",contradiction,contradiction
"Someone like You is a 2001 romantic comedy film, based on Laura Zigman's novel ""Animal Husbandry"" which tells of a heartbroken woman who is looking for the reason she was dumped. The film stars Ashley Judd, Greg Kinnear, Hugh Jackman, Marisa Tomei and Ellen Barkin and was directed by Tony Goldwyn. [SEP] Someone like You was not released one year after Y2K",entailment,entailment
"Humans Need Not Apply is a 2014 short Internet documentary film, directed, produced, written, and edited by CGP Grey. The film focuses on the future of the integration of automation into economics, as well as the impact of this integration to the worldwide workforce. It was released online as a YouTube video. [SEP] Humans Need Not Apply is long",contradiction,entailment
"Heinrich Karl Ludwig Herault de Seigneur de Hautcharmoy (1689 in Wesel â€“ 11 May 1757 in Margaret monastery at Prague) was a Prussian Lieutenant-General, Knight of the Black Eagle and commander of Brieg. His family was originally from Kingdom of France, and his father served as subordinate to Friedrich von Schomberg, and was killed with him at the Battle of the Boyne. [SEP] Heinrich Karl Ludwig Herault de Seigneur de Hautcharmoy was born in 1689 at the Margaret monastery at Prague.",contradiction,entailment
"Josh Bilicki (born June 3, 1995) is an American professional racing driver. He currently competes part-time in the NASCAR Xfinity Series, driving the No. 40 Chevrolet Camaro for MBM Motorsports and the Nos. 8 and 78 Camaros for B. J. McLeod Motorsports, and part-time in the Monster Energy NASCAR Cup Series, driving the No. 51 Chevrolet SS for Rick Ware Racing. [SEP] Josh Bilicki is around 24 years old.",neutral,neutral
"Susan Sadlowski Garza is a member of the Chicago City Council serving as Alderman for the 10th ward. The 10th ward is located on Chicago's southeast side and includes East Side, Hegewisch, Jeffrey Manor, South Chicago and South Deering. She is serving her first term after defeating Rahm Emanuel ally John Pope in the 2015 election. [SEP] Susan Sadlowski Garza has roots in the southeast section of Chicago, and has been a long term successful Alderman for at least three terms.",neutral,entailment
"Thirteen Ghosts (also known as 13 Ghosts and stylized as THIR13EN Ghosts) is a 2001 Canadian-American supernatural horror film directed by Steve Beck. It is a remake of the 1960 film ""13 Ghosts"" by William Castle. It follows the remake of another one of Castle's films, ""House on Haunted Hill"", and was shot entirely around Lower Mainland, British Columbia. [SEP] Thirteen Ghosts was filmed before the 21st century.",entailment,neutral
"The ship, owned by Mitsui O.S.K. Lines and flagged in the Cayman Islands, came under attack at around 4 p.m. Somali time (UTC+3) as gunfire came from two small priate boats. The vessel, with a crew of eighteen from the Philippines, suffered light damage to its front and windows were broken. The Jasmine Ace was en-route from Sharjah, United Arab Emirates to Mombasa, Kenya. The 126.75m car carrier had loaded with 377 used cars in Sharjah on March 17. [SEP] The ship sunk in the Atlantic.",neutral,entailment
"Qingtongxia () literally, ""Bronze Gorge"" is a city in the province of Ningxia in the north of China. Administratively, Qingtongxia is a county-level city within the prefecture-level city of Wuzhong. It is located on the left (northwestern) bank of the Yellow River, opposite and a bit upstream of Wuzhong main urban area. [SEP] Qingtongxia is located northwest of the Yellow River.",contradiction,entailment
"With respect to the lobster and fishing licences purchased by the government for first nations in Atlantic Canada: ( a ) how many licences were purchased, and of these (i) how many were inshore licences; (ii) how many were offshore licences; ( b ) what species are covered by these licences; and ( c ) what bands have been given these licences? [SEP] The government purchased fishing licenses for first nations in Canada that enables them to fish and catch lobsters legally",neutral,contradiction
"The Return of the Condor Heroes, also called The Giant Eagle and Its Companion, is a wuxia novel by Jin Yong (Louis Cha). It is the second part of the ""Condor Trilogy"" and was preceded by ""The Legend of the Condor Heroes"" and followed by ""The Heaven Sword and Dragon Saber"". It was first serialised between 20 May 1959 and 5 July 1961 in the Hong Kong newspaper ""Ming Pao"". [SEP] The Return of the Condor Heroes was not the only novel that Louis Cha ever wrote",neutral,entailment
"Mohamed al-Sumaidaie, Iraq's ambassador to the United Nations, accused U.S. marines of murdering his cousin's 21-year-old son, Mohammed Sumaidaie, who was studying engineering at the University of Technology in Baghdad. ""All indications point to a killing of an unarmed innocent civilian - a cold-blooded murder,"" said Sumaidaie. ""The Marines were smiling at each other as they were leaving."". [SEP] The killing was justified.",neutral,contradiction
"The Jargon Society is an independent press founded by the American poet Jonathan Williams. Jargon has published seminal works of the American literary avant-garde, including books by Charles Olson, Louis Zukofsky, Paul Metcalf, James Broughton, and Williams himself, as well as ""sui generis"" books of folk art such as ""White Trash Cooking"". [SEP] The Jargon Society is currently being published ",entailment,entailment
"Amdoxovir is a nucleoside reverse transcriptase inhibitor (NRTI) undergoing research for the treatment of HIV/AIDS. It was discovered by Raymond F. Schinazi (Emory University) and C.K. Chu (University of Georgia). It is being developed by RFS Pharma. Currently, it is in Phase II clinical studies. [SEP] Amdoxovir is a potent antibiotic",contradiction,entailment
"The politics of North Korea takes place within the framework of the official state philosophy, ""Juche"", a concept created by Hwang Jang-yop and later attributed to Kim Il-sung. The Juche theory is the belief that through self-reliance and a strong independent state, true socialism can be achieved. [SEP] North Korea has more than 0 state philosophies",neutral,entailment
"How to purchase a gas station<br>Study the traffic flow. When you first get the idea to buy a gas station, you need to become familiar with the location. Drive around the neighborhood. [SEP] buying a gas station is easy",contradiction,contradiction
"The Vow is a 2012 American romantic drama film directed by Michael Sucsy and written by Abby Kohn, Marc Silverstein, and Jason Katims, inspired by the true story of Kim and Krickitt Carpenter. The film stars Rachel McAdams and Channing Tatum as the Collins, with Sam Neill, Scott Speedman and Jessica Lange in supporting roles. [SEP] The Vow is a romantic drama based on the true story that occurred in 2002.",contradiction,contradiction
"Ime Sunday Udoka ( ; born August 9, 1977) is a Nigerian-American former professional basketball player and current assistant coach for the San Antonio Spurs of the National Basketball Association (NBA). He played internationally with the Nigeria national basketball team. [SEP] Ime Sunday Udoka played for more than one team in the NBA, one of which was the Spurs.",entailment,neutral
Ek Mahal Ho Sapno Ka is a Hindi language Indian soap opera that aired on Sony TV. It was the first Hindi fiction series to reach 1000 episodes and is one of the longest television serials of Indian television. The show was originally aired in Gujarati on ETV Gujarati called as Sapna Na Vavetar. [SEP] Ek Mahal Ho Sapno Ka has reached over 2000 episodes,entailment,entailment
"Goodlettsville is a city in Davidson and Sumner counties, Tennessee. Goodlettsville was incorporated as a city in 1958 with a population of just over 3,000 residents; at the 2010 census, the city had a total population of 15,921 and in 2015 the population was 16,994. Goodlettsville chose to remain autonomous in 1963 when the city of Nashville merged with the government of Davidson County. [SEP] after being founded in the 50's, with a minimal resident population, the population slowy increased in the later 2000's",neutral,neutral
"Fowler (ankle) was listed as a limited participant in Thursday's practice, Nicki Jhabvala of The Denver Post reports. Like top receiver Demaryius Thomas (hamstring), Fowler failed to practice Wednesday before increasing his involvement a day later. Both players don't look to be in any serious danger of missing Sunday's game against the Patriots, but Fowler won't offer nearly as much fantasy intrigue as Thomas nor Emmanuel Sanders, who returned from a two-game absence to play in the Week 9 loss to the Eagles. [SEP] fowler is not as popular",neutral,neutral
"A Qualified Person Responsible for Pharmacovigilance, or QPPV, is an individual named by a pharmaceutical company as the main person responsible for ensuring that the company (the product's Marketing Authorisation Holder or MAH) meets its legal obligations for the monitoring of the safety of a medicinal product on the market. [SEP] QPPV is made by a company that uses chemistry in its business.",neutral,entailment
"Success is a 1983 studio album originally released by American singing duo The Weather Girls. The album includes the group's biggest hit, ""It's Raining Men"", which peaked at #1 on the U.S. Dance chart, #46 on the U.S. Pop chart, & #34 on the U.S. R&B chart. [SEP] The Weather Girls were a one hit wonder.",contradiction,neutral
Angela<br>Angela loved diving. Angela decided she wanted to teach diving for a living. Angela took diving instructor classes. Angela received all her instructor certifications. Angela found a job teaching diving in Cozumel. [SEP] Angela lives in Mexico,neutral,neutral
"Melbourne Heart FC Futsal was a futsal club based in Melbourne, Victoria, founded in 2012. They played in the F-League, the top tier of Australian Futsal. The club was disbanded before the start of the 2014 season after the A-League team were bought by Manchester City FC. [SEP] Melbourne Heart FC Futsal was founded after the 2000 Olympics.",contradiction,neutral
"Osgoode subway station has reopened after a suspicious package was deemed not dangerous, police say. Police received reports of a suspicious piece of luggage that was found just after 11:30 a.m. on Thursday. Members of the police service's chemical, biological, radiological and nuclear defence (CBRN) team arrived on scene and found nothing dangerous in the package. Regular service will resume on Line 1. [SEP] Line 1 was delayed.",neutral,contradiction
"How to defend against a psychological family violence claim<br>Keep records of all communications. Avoid speaking to someone who's accused you of psychological or emotional abuse unless those conversations can be recorded in some way. [substeps] When you do have to interact with them, do it over email or text message whenever possible so you can maintain a record of the conversation. [SEP] The article is directed at victims of psychological family violence.",neutral,entailment
"Corruption, wastage and mismanagement at State-owned enterprises and in government departments â€“ that's the recipe costing South African taxpayers billions of rands every year. But how much is really going down the drain? Carte Blanche tallies up the costs and the massive losses to State coffers. Producer: Marzanne van den Berg and Anna-Maria van Niekerk Presenter: Devi Sankaree Govender [SEP] The corruption is occurring at the highest levels.",neutral,neutral
"The Armed Forces Press Committee (COPREFA) admitted that the government troops sustained 11 casualties in these clashes, adding that they inflicted three casualties on the rebels. [SEP] In the process of eliminating three eleven men died",neutral,contradiction
"Sick Individuals is a Dutch electronic dance music act consisting of Rinze ""Ray"" Hofstee and Joep ""Jim"" Smeele. The two met in Hilversum, Netherlands (2008) while studying Music Composition. Jim and Ray had been composing for television commercials until their mutual fascination for both classical and modern music inspired their business partnership in 2010, when Sick Individuals was born. [SEP] Rinze ""Ray"" Hofstee wasn't interested in classical music but was fascinated by modern music.",neutral,contradiction
"Shanghai is a series of action comedy films based on the characters written by Alfred Gough and Miles Millar. The series includes: ""Shanghai Noon"" (2000), ""Shanghai Knights"" (2003), and the upcoming ""Shanghai Dawn"" (TBA). It stars Jackie Chan and Owen Wilson as the Chinese Imperial guard Chon Wang and the American bandit Roy O'Bannon. The series combined has grossed over $187 million. [SEP] ""Shanghai Dawn"" will premier in 2020.",contradiction,contradiction
The Santos-Dumont No.Â 6 was an airship designed and built by the Brazilian pioneer aviator Alberto Santos-Dumont. In 1901 it was used by him to win the Deutsch de la Meurthe prize for a return from Parc Saint Cloud to the Eiffel Tower and back. It is considered by many to be the first truly successful airship. [SEP] The first successful airship flew to Paris.,neutral,neutral
"""As a parent in the Dover Area School District, I must convey my shock and utter dismay at William Buckingham's comments regarding the search for new biology texts for the high school. I am especially upset with Mr. Buckingham's comments as quoted in Wednesday's York Daily Record: 'This country wasn't founded on Muslim beliefs or evolution. [SEP] William Buckingham is a parent in the Dover Area School District.",contradiction,neutral
"How to get vitamin d naturally<br>Learn how the sun creates vitamin d. Sunlight is a form of radiation that has two forms, ultraviolet a (uva) and ultraviolet b (uvb) radiation. Your main source of vitamin d occurs when uvb radiation strikes your skin. When this happens, the first steps of vitamin d synthesis in your body is triggered. [SEP] sunlight comes in less than 5 forms",contradiction,contradiction
"Coldwater fish, in the context of aquariums, refers to fish species that prefer cooler water temperatures than tropical fish, typically below 20 Â°C . Some examples are koi and goldfish. These species tend to grow more slowly and live longer than fish that live in warmer waters, and are generally felt to be easier to keep. [SEP] Fish that prefer water temperatures 21ÂºC and above usually grow faster than those in water 19ÂºC and below.",neutral,entailment
Margaret Lucille Jeanne Parker (born 24 July 1943) is a Member of the European Parliament (MEP) for the East Midlands region for the UK Independence Party. She was elected in 2014. She was born in Grantham and educated at Kesteven and Grantham Girls' School and De Montfort University where she read Law. [SEP] Parker has been a MEP for 5 years.,neutral,contradiction
"Lucy Elizabeth Fry (born 13 March 1992) is an Australian actress. She is known for portraying Zoey in ""Lightning Point"", Lyla in """", and Vasilisa Dragomir in the film ""Vampire Academy"". Fry was also cast in Hulu's eight part miniseries ""11.22.63"" as Marina Oswald, wife of Lee Harvey Oswald, and played the lead in the 2016 Australian horror television series ""Wolf Creek"". [SEP] Lucy Fry is an actress that hails from the land of koalas and Kangaroos",contradiction,contradiction
"Iowa State Cyclones baseball was formerly fielded by Iowa State University from 1892 until the conclusion of the 2001 season. Iowa State ceased to field a team because of what former Iowa State Athletic Director Bruce Van De Velde termed ""budget cuts"". This was announced on April 2, 2001. Iowa State's last game was a 17â€“4 loss to Oklahoma State in the Big 12 Tournament on May 18, 2001. [SEP] Iowa State Cyclones baseball does not have any players currently enrolled",neutral,neutral
"Giovanni Aldini (April 10, 1762 â€“ January 17, 1834), was an Italian physicist born in Bologna. He was a brother of the statesman Count Antonio Aldini (1756â€“1826) and nephew of Luigi Galvani, whose treaties on muscular electricity he edited with notes in 1791. [SEP] Giovanni Aldini was from a country shaped like a boot",contradiction,neutral
"Naura Hayden, originally ""Norah Helene Hayden"" (September 29, 1930 â€“ August 10, 2013) in New York, New York) was an author (under that name), who worked in entertainment also as Nora Hayden and in modeling as Helene Hayden and was the daughter of Los Angeles Times reporter John Hayden and his wife (nÃ©e Bussens). An aunt was Phyllis McGinley Hayden. She was a long-time resident of New York City. [SEP] Naura Hayden was 82 when she passed.",neutral,entailment
Chromatium okenii is a Gram-negative bacterium found in water. It belongs to the Purple sulfur bacteria. These bacteria are capable of photosynthesis and use Hydrogen sulfide (HS) as an electron donor for CO reduction and so do not produce oxygen. This type of photosynthesis is called anoxygenic photosynthesis. [SEP] Chromatium okenii might possibly be a Gram-negative bacteria.,neutral,neutral
"Bullitt East High School is a high school located at 11450 Highway 44 East in the city of Mount Washington, Kentucky. It is part of the Bullitt County Public Schools district. Sports teams include: Archery, Swimming, Football, Soccer, Tennis, Track and Field, Baseball, Softball, Wrestling, Basketball, Volleyball and Cheerleading. [SEP] Bullitt East High School is the top private school in Kentucky.",neutral,entailment
"Give Us Our Skeletons! (Antakaa Meille Luurankomme in Finnish, Oaivveskaldjut in North Sami) is a 1999 documentary film directed by Paul-Anders Simma about Niillas Somby, a Sami man who retraces his family ancestry as he searches for the head of his ancestor, Mons Somby. [SEP] Niillas Somby was not from Finland.",contradiction,entailment
"Mouth Open<br>At night time, my mouth was falling open frequently. I purchased a mouth guard in the hopes it would help. In the middle of the night, I awoke with pain in my jaw. I tried changing position several times, to no avail. I finally removed the guard and gave up. [SEP] The person gave up sleeping.",entailment,neutral
"""You Are My Sunshine"" is a popular song recorded by Jimmie Davis and Charles Mitchell and first recorded in 1939. It has been declared one of the state songs of Louisiana because of its association with Davis, a country music singer and governor of the state in the years 1944â€“1948 and 1960â€“1964. [SEP] ""You Are My Sunshine"" was recorded after WW2",entailment,neutral
"The Demand Institute is a non-profit think tank that focuses on understanding how consumer demand is evolving around the world. The Demand Institute was founded in 2012 by Mark Leiter and Jonathan Spector, and is jointly operated by The Conference Board and Nielsen and is headquartered in New York City. [SEP] The Demand Institute was founded by two men.",neutral,entailment
"Abroad with Two Yanks is a 1944 American comedy film directed by Allan Dwan and starring Helen Walker, William Bendix and Dennis O'Keefe as the title characters. It was Bendix's third and final role in a film as a US Marine and the first of Dwan's three films about the United States Marine Corps. [SEP] William  Bendix starred in a fourth film as a US marine",entailment,neutral
Chinese<br>Sally bought a book from the library. She opened it to page 3. She read the words but they didn't make since to her. She looked at the cover. She got a Chinese book by accident. [SEP] Sally was able to read Chinese.,entailment,neutral
"Eating Out<br>Dan had a really rough day at work today. Dan went home and started cooking a steak. However, Dan accidentally burned the steak. Dan threw away the steak, and got dressed. Dan decided he would go to a local restaurant to eat dinner. [SEP] The steak was cooked for too long or on too high a temperature.",neutral,neutral
"Genevieve LaCaze (born 4 August 1989) is an Australian athletics competitor who specialises in the 3000 metre steeplechase. She held an athletics scholarship at the University of Florida. She was selected to represent Australia at the 2012 Summer Olympics in London and Athletics at the 2016 Summer Olympics in Rio de Janeiro. LaCaze is of French, Italian and Spanish descent. [SEP] Genevieve LaCaze completed her medical degree from the University of Florida while on an athletics scholarship. ",contradiction,neutral
"Wallace Michael Ross (19 September 1920 â€“ 20 January 2010) was the founder of the Derby Bach Choir. He was also the Master of Music at Derby Cathedral, assistant organist at several great English Cathedrals, teacher of languages and music at several schools including Sturgess School in Derby. He also founded the Derby Cathedral Brass Ensemble and the Derby Sinfonia. [SEP] Wallace Michael Ross did not die in the 20th century",contradiction,neutral
"Make It Hot is the debut studio album by R&B singer Nicole Wray. The album was released in August 1998 through Missy Elliott's Elektra-distributed vanity label, The Goldmind. The album was produced by Missy Elliott and Timbaland. Some editions of the release credit Nicole as ""Nicole Ray"", an artist name she only used here and on her single ""I Can't See"". [SEP] Nicole Wray's music is produced by Missy Elliott and Timbaland since 1998.",entailment,entailment
"Latin Jam Workout is a Latin Dance Fitness Program created by professional athlete and choreographer JP Santana. Founded in 2007 in Los Angeles, California, Latin Jam Workout combines techno and Latin music with dance and aerobic movements. It is a fusion of Latin dance steps such as Salsa, Merengue, Raeggaeton, Cumbia, Samba, Soca, Belly-Dancing and the faster-paced rhythms of Pop and Techno. [SEP] Latin Jam Workout was not created in a latin american country",contradiction,neutral
"The Home Depot, Inc. or Home Depot is an American home improvement supplies retailing company that sells tools, construction products, and services. The company is headquartered at the Atlanta Store Support Center in unincorporated Cobb County, Georgia (with an Atlanta mailing address). [SEP] The Home Depot sells table saws.",neutral,neutral
"Cruel World is a 2005 American horror comedy film co-produced and directed by Kelsey T. Howard. The film is about a psychotic man who loses a reality game show and subsequently kills the host. He uses the house where the show took place to film his own reality show. In the show, several contestants perform challenges, and the losers are killed rather than being sent home. [SEP] The film starred Kelsey T. Howard.",neutral,neutral
"LONDON, July 28 (Reuters) - Italy's Elio Verde beat Peru's Juan Postigos in the Olympic men's Judo 60kg last 64 at the 2012 London Games on Saturday. Verde won 0100-0001 at ExCeL in London to reach the next round. Results Table Elio Verde (Italy) beat Juan Postigos (Peru) 0100-0001 Kenny Alexander Godoy Godoy (Honduras) beat Zakari Gourouza (Niger) Betkil Shukvani (Georgia) beat Arnie Dickens (Australia) 0103-0000 Ludwig Paischer (Austria) beat Jacob Nel Gnahoui (Benin) 0100-0000 [SEP] Juan Postigos is from South America.",neutral,neutral
"The Ghost & Mrs. Muir is an American sitcom based on the 1947 film of the same name, which was based on the 1945 novel by R. A. Dick. It premiered in September 1968 on NBC. After NBC canceled the series, it aired on ABC for one season before being canceled a final time. The program is currently seen weekday mornings on the digital subchannel ""GetTV."" [SEP] The audience can watch the second season of The Ghost & Mrs. Muir in the morning from Monday to Friday",neutral,neutral
